{
  "products": [
    {
      "id": 1,
      "name": "Alexa Smart Speaker",
      "price" : 21.99,
      "availableCount" : 14
    },
    {
      "id": 2,
      "name": "Apple Watch",
      "price" : 429,
      "availableCount" : 5
    },
    {
      "id": 3,
      "name": "Kindle Paperwhite",
      "price" : 69.99,
      "availableCount" : 7
    },
    {
      "id": 4,
      "name": "Sony 40-inch Flat screen",
      "price" : 349.99,
      "availableCount" : 3
    },
    {
      "id": 5,
      "name": "Apple iPad Pro 12.9-inch",
      "price" : 799.99,
      "availableCount" : 3
    },
    {
      "id": 6,
      "name": "Samsung Galaxy Tablet",
      "price" : 129.99,
      "availableCount" : 8
    },
    {
      "id": 7,
      "name": "Acer Aspire Laptop",
      "price" : 369.99,
      "availableCount" : 2
    }
  ]
}